Make,Model,Full Model,Year,Class,Fuel_Type,Consumption L/100km
Toyota,Corolla,Toyota Corolla 2016,2016,Small,Petrol,4.9
Toyota,Corolla,Toyota Corolla 2017,2017,Small,Hybrid,6
Toyota,Corolla,Toyota Corolla 2018,2018,Small,Petrol,6.1
Toyota,Corolla,Toyota Corolla 2019,2019,Small,Hybrid,4.5
Toyota,Corolla,Toyota Corolla 2020,2020,Small,Petrol,4.2
Toyota,Corolla,Toyota Corolla 2021,2021,Small,Hybrid,6.2
Toyota,Corolla,Toyota Corolla 2022,2022,Small,Petrol,5.3
Toyota,Corolla,Toyota Corolla 2023,2023,Small,Petrol,5.5
Toyota,Corolla,Toyota Corolla 2024,2024,Small,Petrol,4.8
Toyota,Camry,Toyota Camry 2016,2016,Sedan/Compact,Hybrid,7.4
Toyota,Camry,Toyota Camry 2017,2017,Sedan/Compact,Hybrid,6.9
Toyota,Camry,Toyota Camry 2018,2018,Sedan/Compact,Petrol,5.7
Toyota,Camry,Toyota Camry 2019,2019,Sedan/Compact,Petrol,8.2
Toyota,Camry,Toyota Camry 2020,2020,Sedan/Compact,Diesel,8.8
Toyota,Camry,Toyota Camry 2021,2021,Sedan/Compact,Diesel,5.1
Toyota,Camry,Toyota Camry 2022,2022,Sedan/Compact,Hybrid,5.1
Toyota,Camry,Toyota Camry 2023,2023,Sedan/Compact,Hybrid,9.4
Toyota,Camry,Toyota Camry 2024,2024,Sedan/Compact,Petrol,6.9
Toyota,Prius,Toyota Prius 2016,2016,Sedan/Compact,Petrol,9.2
Toyota,Prius,Toyota Prius 2017,2017,Sedan/Compact,Petrol,8.5
Toyota,Prius,Toyota Prius 2018,2018,Sedan/Compact,Hybrid,6.3
Toyota,Prius,Toyota Prius 2019,2019,Sedan/Compact,Hybrid,6.9
Toyota,Prius,Toyota Prius 2020,2020,Sedan/Compact,Hybrid,7.6
Toyota,Prius,Toyota Prius 2021,2021,Sedan/Compact,Hybrid,6.7
Toyota,Prius,Toyota Prius 2022,2022,Sedan/Compact,Diesel,7.7
Toyota,Prius,Toyota Prius 2023,2023,Sedan/Compact,Petrol,8.6
Toyota,Prius,Toyota Prius 2024,2024,Sedan/Compact,Diesel,5.5
Toyota,RAV4,Toyota RAV4 2016,2016,SUV,Hybrid,7.8
Toyota,RAV4,Toyota RAV4 2017,2017,SUV,Diesel,10.5
Toyota,RAV4,Toyota RAV4 2018,2018,SUV,Hybrid,10
Toyota,RAV4,Toyota RAV4 2019,2019,SUV,Petrol,12
Toyota,RAV4,Toyota RAV4 2020,2020,SUV,Petrol,6.7
Toyota,RAV4,Toyota RAV4 2021,2021,SUV,Petrol,8.3
Toyota,RAV4,Toyota RAV4 2022,2022,SUV,Petrol,7.4
Toyota,RAV4,Toyota RAV4 2023,2023,SUV,Diesel,8.6
Toyota,RAV4,Toyota RAV4 2024,2024,SUV,Diesel,7.4
Toyota,Hilux,Toyota Hilux 2016,2016,Pickup/Van,Diesel,8.6
Toyota,Hilux,Toyota Hilux 2017,2017,Pickup/Van,Diesel,12.1
Toyota,Hilux,Toyota Hilux 2018,2018,Pickup/Van,Diesel,10.4
Toyota,Hilux,Toyota Hilux 2019,2019,Pickup/Van,Petrol,12.4
Toyota,Hilux,Toyota Hilux 2020,2020,Pickup/Van,Diesel,9.6
Toyota,Hilux,Toyota Hilux 2021,2021,Pickup/Van,Diesel,10.9
Toyota,Hilux,Toyota Hilux 2022,2022,Pickup/Van,Petrol,8.6
Toyota,Hilux,Toyota Hilux 2023,2023,Pickup/Van,Petrol,10.1
Toyota,Hilux,Toyota Hilux 2024,2024,Pickup/Van,Diesel,13.1
Toyota,Yaris,Toyota Yaris 2016,2016,Small,Petrol,4.8
Toyota,Yaris,Toyota Yaris 2017,2017,Small,Petrol,5.3
Toyota,Yaris,Toyota Yaris 2018,2018,Small,Hybrid,5.1
Toyota,Yaris,Toyota Yaris 2019,2019,Small,Petrol,4.4
Toyota,Yaris,Toyota Yaris 2020,2020,Small,Petrol,4.2
Toyota,Yaris,Toyota Yaris 2021,2021,Small,Petrol,5.3
Toyota,Yaris,Toyota Yaris 2022,2022,Small,Hybrid,4.2
Toyota,Yaris,Toyota Yaris 2023,2023,Small,Petrol,6.2
Toyota,Yaris,Toyota Yaris 2024,2024,Small,Hybrid,4.5
Toyota,C-HR,Toyota C-HR 2016,2016,Sedan/Compact,Diesel,5.3
Toyota,C-HR,Toyota C-HR 2017,2017,Sedan/Compact,Petrol,6.9
Toyota,C-HR,Toyota C-HR 2018,2018,Sedan/Compact,Petrol,9.1
Toyota,C-HR,Toyota C-HR 2019,2019,Sedan/Compact,Diesel,5.1
Toyota,C-HR,Toyota C-HR 2020,2020,Sedan/Compact,Petrol,5.8
Toyota,C-HR,Toyota C-HR 2021,2021,Sedan/Compact,Hybrid,5.8
Toyota,C-HR,Toyota C-HR 2022,2022,Sedan/Compact,Petrol,8.7
Toyota,C-HR,Toyota C-HR 2023,2023,Sedan/Compact,Hybrid,9.3
Toyota,C-HR,Toyota C-HR 2024,2024,Sedan/Compact,Diesel,8.1
Toyota,Highlander,Toyota Highlander 2016,2016,Sedan/Compact,Hybrid,5.5
Toyota,Highlander,Toyota Highlander 2017,2017,Sedan/Compact,Petrol,7.1
Toyota,Highlander,Toyota Highlander 2018,2018,Sedan/Compact,Hybrid,7.8
Toyota,Highlander,Toyota Highlander 2019,2019,Sedan/Compact,Petrol,5.9
Toyota,Highlander,Toyota Highlander 2020,2020,Sedan/Compact,Petrol,7.4
Toyota,Highlander,Toyota Highlander 2021,2021,Sedan/Compact,Diesel,6.5
Toyota,Highlander,Toyota Highlander 2022,2022,Sedan/Compact,Hybrid,5.6
Toyota,Highlander,Toyota Highlander 2023,2023,Sedan/Compact,Hybrid,8.1
Toyota,Highlander,Toyota Highlander 2024,2024,Sedan/Compact,Petrol,9
Toyota,Fortuner,Toyota Fortuner 2016,2016,Sedan/Compact,Diesel,6.2
Toyota,Fortuner,Toyota Fortuner 2017,2017,Sedan/Compact,Hybrid,5.2
Toyota,Fortuner,Toyota Fortuner 2018,2018,Sedan/Compact,Petrol,7.4
Toyota,Fortuner,Toyota Fortuner 2019,2019,Sedan/Compact,Petrol,7.8
Toyota,Fortuner,Toyota Fortuner 2020,2020,Sedan/Compact,Hybrid,5.7
Toyota,Fortuner,Toyota Fortuner 2021,2021,Sedan/Compact,Diesel,7.9
Toyota,Fortuner,Toyota Fortuner 2022,2022,Sedan/Compact,Hybrid,8.4
Toyota,Fortuner,Toyota Fortuner 2023,2023,Sedan/Compact,Diesel,6.7
Toyota,Fortuner,Toyota Fortuner 2024,2024,Sedan/Compact,Diesel,7
Toyota,Yaris Cross,Toyota Yaris Cross 2016,2016,Small,Hybrid,4.6
Toyota,Yaris Cross,Toyota Yaris Cross 2017,2017,Small,Hybrid,5.1
Toyota,Yaris Cross,Toyota Yaris Cross 2018,2018,Small,Petrol,5
Toyota,Yaris Cross,Toyota Yaris Cross 2019,2019,Small,Petrol,4.7
Toyota,Yaris Cross,Toyota Yaris Cross 2020,2020,Small,Petrol,5.6
Toyota,Yaris Cross,Toyota Yaris Cross 2021,2021,Small,Petrol,3.9
Toyota,Yaris Cross,Toyota Yaris Cross 2022,2022,Small,Hybrid,6.1
Toyota,Yaris Cross,Toyota Yaris Cross 2023,2023,Small,Hybrid,4.3
Toyota,Yaris Cross,Toyota Yaris Cross 2024,2024,Small,Hybrid,4.4
Volkswagen,Golf,Volkswagen Golf 2016,2016,Sedan/Compact,Diesel,8.3
Volkswagen,Golf,Volkswagen Golf 2017,2017,Sedan/Compact,Diesel,5.3
Volkswagen,Golf,Volkswagen Golf 2018,2018,Sedan/Compact,Petrol,6.7
Volkswagen,Golf,Volkswagen Golf 2019,2019,Sedan/Compact,Petrol,6.9
Volkswagen,Golf,Volkswagen Golf 2020,2020,Sedan/Compact,Diesel,5.4
Volkswagen,Golf,Volkswagen Golf 2021,2021,Sedan/Compact,Diesel,6
Volkswagen,Golf,Volkswagen Golf 2022,2022,Sedan/Compact,Petrol,5.9
Volkswagen,Golf,Volkswagen Golf 2023,2023,Sedan/Compact,Hybrid,5.5
Volkswagen,Golf,Volkswagen Golf 2024,2024,Sedan/Compact,Diesel,5.1
Volkswagen,Polo,Volkswagen Polo 2016,2016,Sedan/Compact,Petrol,6.8
Volkswagen,Polo,Volkswagen Polo 2017,2017,Sedan/Compact,Diesel,6.1
Volkswagen,Polo,Volkswagen Polo 2018,2018,Sedan/Compact,Petrol,5.7
Volkswagen,Polo,Volkswagen Polo 2019,2019,Sedan/Compact,Hybrid,6.2
Volkswagen,Polo,Volkswagen Polo 2020,2020,Sedan/Compact,Hybrid,6.6
Volkswagen,Polo,Volkswagen Polo 2021,2021,Sedan/Compact,Petrol,6.3
Volkswagen,Polo,Volkswagen Polo 2022,2022,Sedan/Compact,Petrol,5.4
Volkswagen,Polo,Volkswagen Polo 2023,2023,Sedan/Compact,Hybrid,7.5
Volkswagen,Polo,Volkswagen Polo 2024,2024,Sedan/Compact,Hybrid,9.3
Volkswagen,Passat,Volkswagen Passat 2016,2016,Sedan/Compact,Hybrid,5.1
Volkswagen,Passat,Volkswagen Passat 2017,2017,Sedan/Compact,Hybrid,5.7
Volkswagen,Passat,Volkswagen Passat 2018,2018,Sedan/Compact,Petrol,6.5
Volkswagen,Passat,Volkswagen Passat 2019,2019,Sedan/Compact,Diesel,7.1
Volkswagen,Passat,Volkswagen Passat 2020,2020,Sedan/Compact,Hybrid,5.1
Volkswagen,Passat,Volkswagen Passat 2021,2021,Sedan/Compact,Diesel,5.1
Volkswagen,Passat,Volkswagen Passat 2022,2022,Sedan/Compact,Hybrid,6.6
Volkswagen,Passat,Volkswagen Passat 2023,2023,Sedan/Compact,Petrol,8
Volkswagen,Passat,Volkswagen Passat 2024,2024,Sedan/Compact,Diesel,6.4
Volkswagen,Tiguan,Volkswagen Tiguan 2016,2016,Sedan/Compact,Diesel,5.2
Volkswagen,Tiguan,Volkswagen Tiguan 2017,2017,Sedan/Compact,Diesel,6.8
Volkswagen,Tiguan,Volkswagen Tiguan 2018,2018,Sedan/Compact,Hybrid,5.6
Volkswagen,Tiguan,Volkswagen Tiguan 2019,2019,Sedan/Compact,Hybrid,7.8
Volkswagen,Tiguan,Volkswagen Tiguan 2020,2020,Sedan/Compact,Petrol,5.5
Volkswagen,Tiguan,Volkswagen Tiguan 2021,2021,Sedan/Compact,Petrol,5.4
Volkswagen,Tiguan,Volkswagen Tiguan 2022,2022,Sedan/Compact,Petrol,5.1
Volkswagen,Tiguan,Volkswagen Tiguan 2023,2023,Sedan/Compact,Petrol,6.4
Volkswagen,Tiguan,Volkswagen Tiguan 2024,2024,Sedan/Compact,Diesel,7.4
Volkswagen,Touareg,Volkswagen Touareg 2016,2016,Sedan/Compact,Petrol,7.2
Volkswagen,Touareg,Volkswagen Touareg 2017,2017,Sedan/Compact,Petrol,6.9
Volkswagen,Touareg,Volkswagen Touareg 2018,2018,Sedan/Compact,Petrol,6.5
Volkswagen,Touareg,Volkswagen Touareg 2019,2019,Sedan/Compact,Hybrid,6.7
Volkswagen,Touareg,Volkswagen Touareg 2020,2020,Sedan/Compact,Hybrid,6.1
Volkswagen,Touareg,Volkswagen Touareg 2021,2021,Sedan/Compact,Petrol,9.5
Volkswagen,Touareg,Volkswagen Touareg 2022,2022,Sedan/Compact,Hybrid,9.1
Volkswagen,Touareg,Volkswagen Touareg 2023,2023,Sedan/Compact,Hybrid,7.6
Volkswagen,Touareg,Volkswagen Touareg 2024,2024,Sedan/Compact,Petrol,7.9
Volkswagen,Jetta,Volkswagen Jetta 2016,2016,Sedan/Compact,Diesel,8
Volkswagen,Jetta,Volkswagen Jetta 2017,2017,Sedan/Compact,Petrol,8.8
Volkswagen,Jetta,Volkswagen Jetta 2018,2018,Sedan/Compact,Petrol,7.9
Volkswagen,Jetta,Volkswagen Jetta 2019,2019,Sedan/Compact,Petrol,8.5
Volkswagen,Jetta,Volkswagen Jetta 2020,2020,Sedan/Compact,Petrol,7.5
Volkswagen,Jetta,Volkswagen Jetta 2021,2021,Sedan/Compact,Hybrid,5.4
Volkswagen,Jetta,Volkswagen Jetta 2022,2022,Sedan/Compact,Diesel,6.1
Volkswagen,Jetta,Volkswagen Jetta 2023,2023,Sedan/Compact,Diesel,6
Volkswagen,Jetta,Volkswagen Jetta 2024,2024,Sedan/Compact,Diesel,8.3
Volkswagen,Arteon,Volkswagen Arteon 2016,2016,Sedan/Compact,Hybrid,8
Volkswagen,Arteon,Volkswagen Arteon 2017,2017,Sedan/Compact,Diesel,6.1
Volkswagen,Arteon,Volkswagen Arteon 2018,2018,Sedan/Compact,Hybrid,8.9
Volkswagen,Arteon,Volkswagen Arteon 2019,2019,Sedan/Compact,Petrol,5.5
Volkswagen,Arteon,Volkswagen Arteon 2020,2020,Sedan/Compact,Hybrid,7.3
Volkswagen,Arteon,Volkswagen Arteon 2021,2021,Sedan/Compact,Diesel,9.1
Volkswagen,Arteon,Volkswagen Arteon 2022,2022,Sedan/Compact,Diesel,6.1
Volkswagen,Arteon,Volkswagen Arteon 2023,2023,Sedan/Compact,Diesel,8.1
Volkswagen,Arteon,Volkswagen Arteon 2024,2024,Sedan/Compact,Diesel,7.1
Volkswagen,ID.4,Volkswagen ID.4 2016,2016,Sedan/Compact,Diesel,6.1
Volkswagen,ID.4,Volkswagen ID.4 2017,2017,Sedan/Compact,Petrol,6.9
Volkswagen,ID.4,Volkswagen ID.4 2018,2018,Sedan/Compact,Hybrid,5.8
Volkswagen,ID.4,Volkswagen ID.4 2019,2019,Sedan/Compact,Diesel,7.8
Volkswagen,ID.4,Volkswagen ID.4 2020,2020,Sedan/Compact,Hybrid,6.2
Volkswagen,ID.4,Volkswagen ID.4 2021,2021,Sedan/Compact,Petrol,8.5
Volkswagen,ID.4,Volkswagen ID.4 2022,2022,Sedan/Compact,Hybrid,7.8
Volkswagen,ID.4,Volkswagen ID.4 2023,2023,Sedan/Compact,Diesel,8.3
Volkswagen,ID.4,Volkswagen ID.4 2024,2024,Sedan/Compact,Diesel,5.1
Ford,Focus,Ford Focus 2016,2016,Sedan/Compact,Hybrid,9
Ford,Focus,Ford Focus 2017,2017,Sedan/Compact,Hybrid,7.8
Ford,Focus,Ford Focus 2018,2018,Sedan/Compact,Hybrid,6.4
Ford,Focus,Ford Focus 2019,2019,Sedan/Compact,Petrol,6.8
Ford,Focus,Ford Focus 2020,2020,Sedan/Compact,Diesel,9.2
Ford,Focus,Ford Focus 2021,2021,Sedan/Compact,Petrol,6
Ford,Focus,Ford Focus 2022,2022,Sedan/Compact,Hybrid,6.1
Ford,Focus,Ford Focus 2023,2023,Sedan/Compact,Petrol,5
Ford,Focus,Ford Focus 2024,2024,Sedan/Compact,Petrol,7.5
Ford,Fiesta,Ford Fiesta 2016,2016,Sedan/Compact,Petrol,6.5
Ford,Fiesta,Ford Fiesta 2017,2017,Sedan/Compact,Hybrid,8.8
Ford,Fiesta,Ford Fiesta 2018,2018,Sedan/Compact,Diesel,6.4
Ford,Fiesta,Ford Fiesta 2019,2019,Sedan/Compact,Diesel,5.1
Ford,Fiesta,Ford Fiesta 2020,2020,Sedan/Compact,Hybrid,6.8
Ford,Fiesta,Ford Fiesta 2021,2021,Sedan/Compact,Hybrid,7.6
Ford,Fiesta,Ford Fiesta 2022,2022,Sedan/Compact,Hybrid,7.9
Ford,Fiesta,Ford Fiesta 2023,2023,Sedan/Compact,Hybrid,8.6
Ford,Fiesta,Ford Fiesta 2024,2024,Sedan/Compact,Diesel,7.5
Ford,Mustang,Ford Mustang 2016,2016,Sports,Petrol,12.3
Ford,Mustang,Ford Mustang 2017,2017,Sports,Petrol,12.5
Ford,Mustang,Ford Mustang 2018,2018,Sports,Petrol,13.4
Ford,Mustang,Ford Mustang 2019,2019,Sports,Petrol,15.8
Ford,Mustang,Ford Mustang 2020,2020,Sports,Petrol,13.8
Ford,Mustang,Ford Mustang 2021,2021,Sports,Petrol,15.4
Ford,Mustang,Ford Mustang 2022,2022,Sports,Petrol,9.7
Ford,Mustang,Ford Mustang 2023,2023,Sports,Petrol,11.7
Ford,Mustang,Ford Mustang 2024,2024,Sports,Petrol,13.8
Ford,Explorer,Ford Explorer 2016,2016,Sedan/Compact,Petrol,8.3
Ford,Explorer,Ford Explorer 2017,2017,Sedan/Compact,Diesel,6.2
Ford,Explorer,Ford Explorer 2018,2018,Sedan/Compact,Hybrid,9
Ford,Explorer,Ford Explorer 2019,2019,Sedan/Compact,Petrol,6.8
Ford,Explorer,Ford Explorer 2020,2020,Sedan/Compact,Hybrid,9.4
Ford,Explorer,Ford Explorer 2021,2021,Sedan/Compact,Hybrid,7.9
Ford,Explorer,Ford Explorer 2022,2022,Sedan/Compact,Hybrid,6.9
Ford,Explorer,Ford Explorer 2023,2023,Sedan/Compact,Diesel,5
Ford,Explorer,Ford Explorer 2024,2024,Sedan/Compact,Petrol,5.7
Ford,Escape,Ford Escape 2016,2016,Sedan/Compact,Hybrid,6.6
Ford,Escape,Ford Escape 2017,2017,Sedan/Compact,Petrol,6.2
Ford,Escape,Ford Escape 2018,2018,Sedan/Compact,Diesel,6.7
Ford,Escape,Ford Escape 2019,2019,Sedan/Compact,Hybrid,6.5
Ford,Escape,Ford Escape 2020,2020,Sedan/Compact,Petrol,6.4
Ford,Escape,Ford Escape 2021,2021,Sedan/Compact,Hybrid,6.6
Ford,Escape,Ford Escape 2022,2022,Sedan/Compact,Diesel,7.7
Ford,Escape,Ford Escape 2023,2023,Sedan/Compact,Hybrid,5.1
Ford,Escape,Ford Escape 2024,2024,Sedan/Compact,Petrol,6.8
Ford,Ranger,Ford Ranger 2016,2016,Pickup/Van,Petrol,11.5
Ford,Ranger,Ford Ranger 2017,2017,Pickup/Van,Petrol,12.8
Ford,Ranger,Ford Ranger 2018,2018,Pickup/Van,Diesel,12.5
Ford,Ranger,Ford Ranger 2019,2019,Pickup/Van,Diesel,11
Ford,Ranger,Ford Ranger 2020,2020,Pickup/Van,Petrol,10.8
Ford,Ranger,Ford Ranger 2021,2021,Pickup/Van,Petrol,9.7
Ford,Ranger,Ford Ranger 2022,2022,Pickup/Van,Petrol,9.6
Ford,Ranger,Ford Ranger 2023,2023,Pickup/Van,Diesel,11
Ford,Ranger,Ford Ranger 2024,2024,Pickup/Van,Petrol,12.9
Ford,EcoSport,Ford EcoSport 2016,2016,Sedan/Compact,Petrol,9.1
Ford,EcoSport,Ford EcoSport 2017,2017,Sedan/Compact,Petrol,5.8
Ford,EcoSport,Ford EcoSport 2018,2018,Sedan/Compact,Hybrid,8.4
Ford,EcoSport,Ford EcoSport 2019,2019,Sedan/Compact,Petrol,9.3
Ford,EcoSport,Ford EcoSport 2020,2020,Sedan/Compact,Petrol,8.5
Ford,EcoSport,Ford EcoSport 2021,2021,Sedan/Compact,Petrol,6.7
Ford,EcoSport,Ford EcoSport 2022,2022,Sedan/Compact,Petrol,8
Ford,EcoSport,Ford EcoSport 2023,2023,Sedan/Compact,Diesel,5.4
Ford,EcoSport,Ford EcoSport 2024,2024,Sedan/Compact,Hybrid,7.6
Ford,Transit,Ford Transit 2016,2016,Sedan/Compact,Diesel,7.4
Ford,Transit,Ford Transit 2017,2017,Sedan/Compact,Hybrid,9.3
Ford,Transit,Ford Transit 2018,2018,Sedan/Compact,Diesel,6.4
Ford,Transit,Ford Transit 2019,2019,Sedan/Compact,Hybrid,6.8
Ford,Transit,Ford Transit 2020,2020,Sedan/Compact,Diesel,5.5
Ford,Transit,Ford Transit 2021,2021,Sedan/Compact,Diesel,7
Ford,Transit,Ford Transit 2022,2022,Sedan/Compact,Petrol,6.1
Ford,Transit,Ford Transit 2023,2023,Sedan/Compact,Diesel,5.8
Ford,Transit,Ford Transit 2024,2024,Sedan/Compact,Hybrid,8
Honda,Civic,Honda Civic 2016,2016,Sedan/Compact,Hybrid,5.6
Honda,Civic,Honda Civic 2017,2017,Sedan/Compact,Diesel,5.9
Honda,Civic,Honda Civic 2018,2018,Sedan/Compact,Diesel,5.9
Honda,Civic,Honda Civic 2019,2019,Sedan/Compact,Petrol,9.2
Honda,Civic,Honda Civic 2020,2020,Sedan/Compact,Hybrid,5.4
Honda,Civic,Honda Civic 2021,2021,Sedan/Compact,Hybrid,9.1
Honda,Civic,Honda Civic 2022,2022,Sedan/Compact,Petrol,6
Honda,Civic,Honda Civic 2023,2023,Sedan/Compact,Petrol,8.6
Honda,Civic,Honda Civic 2024,2024,Sedan/Compact,Petrol,5.1
Honda,Accord,Honda Accord 2016,2016,Sedan/Compact,Hybrid,6.7
Honda,Accord,Honda Accord 2017,2017,Sedan/Compact,Petrol,6.9
Honda,Accord,Honda Accord 2018,2018,Sedan/Compact,Hybrid,9.3
Honda,Accord,Honda Accord 2019,2019,Sedan/Compact,Petrol,7.3
Honda,Accord,Honda Accord 2020,2020,Sedan/Compact,Petrol,7.2
Honda,Accord,Honda Accord 2021,2021,Sedan/Compact,Petrol,6.6
Honda,Accord,Honda Accord 2022,2022,Sedan/Compact,Petrol,8.3
Honda,Accord,Honda Accord 2023,2023,Sedan/Compact,Diesel,5.3
Honda,Accord,Honda Accord 2024,2024,Sedan/Compact,Diesel,5.6
Honda,CR-V,Honda CR-V 2016,2016,SUV,Petrol,8.6
Honda,CR-V,Honda CR-V 2017,2017,SUV,Hybrid,8.3
Honda,CR-V,Honda CR-V 2018,2018,SUV,Petrol,8.5
Honda,CR-V,Honda CR-V 2019,2019,SUV,Diesel,8.5
Honda,CR-V,Honda CR-V 2020,2020,SUV,Hybrid,9.3
Honda,CR-V,Honda CR-V 2021,2021,SUV,Hybrid,7.5
Honda,CR-V,Honda CR-V 2022,2022,SUV,Petrol,7.3
Honda,CR-V,Honda CR-V 2023,2023,SUV,Diesel,9.2
Honda,CR-V,Honda CR-V 2024,2024,SUV,Hybrid,7.3
Honda,Fit,Honda Fit 2016,2016,Small,Hybrid,4.2
Honda,Fit,Honda Fit 2017,2017,Small,Hybrid,6.3
Honda,Fit,Honda Fit 2018,2018,Small,Petrol,4.6
Honda,Fit,Honda Fit 2019,2019,Small,Hybrid,5.2
Honda,Fit,Honda Fit 2020,2020,Small,Petrol,5.7
Honda,Fit,Honda Fit 2021,2021,Small,Petrol,4.8
Honda,Fit,Honda Fit 2022,2022,Small,Petrol,5.5
Honda,Fit,Honda Fit 2023,2023,Small,Petrol,5.1
Honda,Fit,Honda Fit 2024,2024,Small,Petrol,4
Honda,Jazz,Honda Jazz 2016,2016,Sedan/Compact,Diesel,8.6
Honda,Jazz,Honda Jazz 2017,2017,Sedan/Compact,Hybrid,5.7
Honda,Jazz,Honda Jazz 2018,2018,Sedan/Compact,Hybrid,5.2
Honda,Jazz,Honda Jazz 2019,2019,Sedan/Compact,Diesel,5.5
Honda,Jazz,Honda Jazz 2020,2020,Sedan/Compact,Hybrid,6.3
Honda,Jazz,Honda Jazz 2021,2021,Sedan/Compact,Hybrid,7.3
Honda,Jazz,Honda Jazz 2022,2022,Sedan/Compact,Petrol,5.8
Honda,Jazz,Honda Jazz 2023,2023,Sedan/Compact,Diesel,6.9
Honda,Jazz,Honda Jazz 2024,2024,Sedan/Compact,Petrol,6.1
Honda,HR-V,Honda HR-V 2016,2016,Sedan/Compact,Hybrid,8
Honda,HR-V,Honda HR-V 2017,2017,Sedan/Compact,Hybrid,6.8
Honda,HR-V,Honda HR-V 2018,2018,Sedan/Compact,Diesel,7.6
Honda,HR-V,Honda HR-V 2019,2019,Sedan/Compact,Diesel,6
Honda,HR-V,Honda HR-V 2020,2020,Sedan/Compact,Diesel,6.4
Honda,HR-V,Honda HR-V 2021,2021,Sedan/Compact,Hybrid,9.4
Honda,HR-V,Honda HR-V 2022,2022,Sedan/Compact,Diesel,8.2
Honda,HR-V,Honda HR-V 2023,2023,Sedan/Compact,Diesel,7
Honda,HR-V,Honda HR-V 2024,2024,Sedan/Compact,Diesel,9.5
Honda,Pilot,Honda Pilot 2016,2016,Sedan/Compact,Hybrid,7.1
Honda,Pilot,Honda Pilot 2017,2017,Sedan/Compact,Petrol,5.2
Honda,Pilot,Honda Pilot 2018,2018,Sedan/Compact,Petrol,7.3
Honda,Pilot,Honda Pilot 2019,2019,Sedan/Compact,Petrol,9.1
Honda,Pilot,Honda Pilot 2020,2020,Sedan/Compact,Hybrid,9.1
Honda,Pilot,Honda Pilot 2021,2021,Sedan/Compact,Hybrid,8.7
Honda,Pilot,Honda Pilot 2022,2022,Sedan/Compact,Petrol,5.9
Honda,Pilot,Honda Pilot 2023,2023,Sedan/Compact,Petrol,5.8
Honda,Pilot,Honda Pilot 2024,2024,Sedan/Compact,Petrol,8.7
Honda,City,Honda City 2016,2016,Sedan/Compact,Petrol,5.6
Honda,City,Honda City 2017,2017,Sedan/Compact,Hybrid,6.2
Honda,City,Honda City 2018,2018,Sedan/Compact,Petrol,6.3
Honda,City,Honda City 2019,2019,Sedan/Compact,Hybrid,7.2
Honda,City,Honda City 2020,2020,Sedan/Compact,Hybrid,6
Honda,City,Honda City 2021,2021,Sedan/Compact,Petrol,5.4
Honda,City,Honda City 2022,2022,Sedan/Compact,Petrol,7.9
Honda,City,Honda City 2023,2023,Sedan/Compact,Petrol,6.4
Honda,City,Honda City 2024,2024,Sedan/Compact,Petrol,5.3
Nissan,Sentra,Nissan Sentra 2016,2016,Sedan/Compact,Diesel,7
Nissan,Sentra,Nissan Sentra 2017,2017,Sedan/Compact,Petrol,8.3
Nissan,Sentra,Nissan Sentra 2018,2018,Sedan/Compact,Hybrid,7.9
Nissan,Sentra,Nissan Sentra 2019,2019,Sedan/Compact,Petrol,6.7
Nissan,Sentra,Nissan Sentra 2020,2020,Sedan/Compact,Petrol,6.8
Nissan,Sentra,Nissan Sentra 2021,2021,Sedan/Compact,Diesel,6.9
Nissan,Sentra,Nissan Sentra 2022,2022,Sedan/Compact,Petrol,8.2
Nissan,Sentra,Nissan Sentra 2023,2023,Sedan/Compact,Petrol,6.8
Nissan,Sentra,Nissan Sentra 2024,2024,Sedan/Compact,Petrol,7.1
Nissan,Altima,Nissan Altima 2016,2016,Sedan/Compact,Diesel,9.3
Nissan,Altima,Nissan Altima 2017,2017,Sedan/Compact,Diesel,9.1
Nissan,Altima,Nissan Altima 2018,2018,Sedan/Compact,Diesel,5.5
Nissan,Altima,Nissan Altima 2019,2019,Sedan/Compact,Petrol,5.3
Nissan,Altima,Nissan Altima 2020,2020,Sedan/Compact,Diesel,5.1
Nissan,Altima,Nissan Altima 2021,2021,Sedan/Compact,Hybrid,8
Nissan,Altima,Nissan Altima 2022,2022,Sedan/Compact,Petrol,7.2
Nissan,Altima,Nissan Altima 2023,2023,Sedan/Compact,Diesel,6.1
Nissan,Altima,Nissan Altima 2024,2024,Sedan/Compact,Petrol,6.9
Nissan,Leaf,Nissan Leaf 2016,2016,Electric/Hybrid,Electric,0
Nissan,Leaf,Nissan Leaf 2017,2017,Electric/Hybrid,Electric,0
Nissan,Leaf,Nissan Leaf 2018,2018,Electric/Hybrid,Electric,0
Nissan,Leaf,Nissan Leaf 2019,2019,Electric/Hybrid,Electric,0
Nissan,Leaf,Nissan Leaf 2020,2020,Electric/Hybrid,Electric,0
Nissan,Leaf,Nissan Leaf 2021,2021,Electric/Hybrid,Electric,0
Nissan,Leaf,Nissan Leaf 2022,2022,Electric/Hybrid,Electric,0
Nissan,Leaf,Nissan Leaf 2023,2023,Electric/Hybrid,Electric,0
Nissan,Leaf,Nissan Leaf 2024,2024,Electric/Hybrid,Electric,0
Nissan,Rogue,Nissan Rogue 2016,2016,Sedan/Compact,Diesel,5.5
Nissan,Rogue,Nissan Rogue 2017,2017,Sedan/Compact,Petrol,6.1
Nissan,Rogue,Nissan Rogue 2018,2018,Sedan/Compact,Diesel,5.8
Nissan,Rogue,Nissan Rogue 2019,2019,Sedan/Compact,Petrol,8
Nissan,Rogue,Nissan Rogue 2020,2020,Sedan/Compact,Diesel,7.6
Nissan,Rogue,Nissan Rogue 2021,2021,Sedan/Compact,Hybrid,7.3
Nissan,Rogue,Nissan Rogue 2022,2022,Sedan/Compact,Diesel,6.8
Nissan,Rogue,Nissan Rogue 2023,2023,Sedan/Compact,Petrol,9.1
Nissan,Rogue,Nissan Rogue 2024,2024,Sedan/Compact,Hybrid,5.8
Nissan,Qashqai,Nissan Qashqai 2016,2016,Sedan/Compact,Petrol,8.2
Nissan,Qashqai,Nissan Qashqai 2017,2017,Sedan/Compact,Petrol,6.6
Nissan,Qashqai,Nissan Qashqai 2018,2018,Sedan/Compact,Petrol,6.4
Nissan,Qashqai,Nissan Qashqai 2019,2019,Sedan/Compact,Hybrid,7.1
Nissan,Qashqai,Nissan Qashqai 2020,2020,Sedan/Compact,Petrol,8.7
Nissan,Qashqai,Nissan Qashqai 2021,2021,Sedan/Compact,Hybrid,8.7
Nissan,Qashqai,Nissan Qashqai 2022,2022,Sedan/Compact,Petrol,7
Nissan,Qashqai,Nissan Qashqai 2023,2023,Sedan/Compact,Petrol,9.1
Nissan,Qashqai,Nissan Qashqai 2024,2024,Sedan/Compact,Petrol,5.7
Nissan,X-Trail,Nissan X-Trail 2016,2016,Sedan/Compact,Hybrid,7
Nissan,X-Trail,Nissan X-Trail 2017,2017,Sedan/Compact,Diesel,7
Nissan,X-Trail,Nissan X-Trail 2018,2018,Sedan/Compact,Diesel,8.9
Nissan,X-Trail,Nissan X-Trail 2019,2019,Sedan/Compact,Diesel,8.8
Nissan,X-Trail,Nissan X-Trail 2020,2020,Sedan/Compact,Diesel,7.5
Nissan,X-Trail,Nissan X-Trail 2021,2021,Sedan/Compact,Diesel,6.2
Nissan,X-Trail,Nissan X-Trail 2022,2022,Sedan/Compact,Petrol,6.9
Nissan,X-Trail,Nissan X-Trail 2023,2023,Sedan/Compact,Diesel,8.5
Nissan,X-Trail,Nissan X-Trail 2024,2024,Sedan/Compact,Hybrid,7.2
Nissan,Patrol,Nissan Patrol 2016,2016,Pickup/Van,Petrol,11.2
Nissan,Patrol,Nissan Patrol 2017,2017,Pickup/Van,Petrol,9.8
Nissan,Patrol,Nissan Patrol 2018,2018,Pickup/Van,Petrol,12.5
Nissan,Patrol,Nissan Patrol 2019,2019,Pickup/Van,Petrol,10.2
Nissan,Patrol,Nissan Patrol 2020,2020,Pickup/Van,Petrol,12
Nissan,Patrol,Nissan Patrol 2021,2021,Pickup/Van,Petrol,12
Nissan,Patrol,Nissan Patrol 2022,2022,Pickup/Van,Petrol,8.9
Nissan,Patrol,Nissan Patrol 2023,2023,Pickup/Van,Petrol,12.8
Nissan,Patrol,Nissan Patrol 2024,2024,Pickup/Van,Petrol,12.4
Nissan,Navara,Nissan Navara 2016,2016,Pickup/Van,Diesel,12.2
Nissan,Navara,Nissan Navara 2017,2017,Pickup/Van,Diesel,10.6
Nissan,Navara,Nissan Navara 2018,2018,Pickup/Van,Petrol,12.6
Nissan,Navara,Nissan Navara 2019,2019,Pickup/Van,Petrol,10.1
Nissan,Navara,Nissan Navara 2020,2020,Pickup/Van,Diesel,13.2
Nissan,Navara,Nissan Navara 2021,2021,Pickup/Van,Petrol,12.4
Nissan,Navara,Nissan Navara 2022,2022,Pickup/Van,Petrol,12.2
Nissan,Navara,Nissan Navara 2023,2023,Pickup/Van,Diesel,12.7
Nissan,Navara,Nissan Navara 2024,2024,Pickup/Van,Diesel,13.3
Hyundai,Elantra,Hyundai Elantra 2016,2016,Sedan/Compact,Petrol,8
Hyundai,Elantra,Hyundai Elantra 2017,2017,Sedan/Compact,Hybrid,6.7
Hyundai,Elantra,Hyundai Elantra 2018,2018,Sedan/Compact,Petrol,5
Hyundai,Elantra,Hyundai Elantra 2019,2019,Sedan/Compact,Diesel,6.3
Hyundai,Elantra,Hyundai Elantra 2020,2020,Sedan/Compact,Hybrid,9.5
Hyundai,Elantra,Hyundai Elantra 2021,2021,Sedan/Compact,Hybrid,5.8
Hyundai,Elantra,Hyundai Elantra 2022,2022,Sedan/Compact,Diesel,8.9
Hyundai,Elantra,Hyundai Elantra 2023,2023,Sedan/Compact,Diesel,8.7
Hyundai,Elantra,Hyundai Elantra 2024,2024,Sedan/Compact,Petrol,8.7
Hyundai,i30,Hyundai i30 2016,2016,Electric/Hybrid,Electric,0
Hyundai,i30,Hyundai i30 2017,2017,Electric/Hybrid,Electric,0
Hyundai,i30,Hyundai i30 2018,2018,Electric/Hybrid,Electric,0
Hyundai,i30,Hyundai i30 2019,2019,Electric/Hybrid,Electric,0
Hyundai,i30,Hyundai i30 2020,2020,Electric/Hybrid,Electric,0
Hyundai,i30,Hyundai i30 2021,2021,Electric/Hybrid,Electric,0
Hyundai,i30,Hyundai i30 2022,2022,Electric/Hybrid,Electric,0
Hyundai,i30,Hyundai i30 2023,2023,Electric/Hybrid,Electric,0
Hyundai,i30,Hyundai i30 2024,2024,Electric/Hybrid,Electric,0
Hyundai,Tucson,Hyundai Tucson 2016,2016,SUV,Petrol,12.1
Hyundai,Tucson,Hyundai Tucson 2017,2017,SUV,Hybrid,7.9
Hyundai,Tucson,Hyundai Tucson 2018,2018,SUV,Diesel,11.5
Hyundai,Tucson,Hyundai Tucson 2019,2019,SUV,Petrol,10.9
Hyundai,Tucson,Hyundai Tucson 2020,2020,SUV,Hybrid,12.2
Hyundai,Tucson,Hyundai Tucson 2021,2021,SUV,Diesel,11.5
Hyundai,Tucson,Hyundai Tucson 2022,2022,SUV,Diesel,7.3
Hyundai,Tucson,Hyundai Tucson 2023,2023,SUV,Diesel,9.6
Hyundai,Tucson,Hyundai Tucson 2024,2024,SUV,Diesel,10.2
Hyundai,Santa Fe,Hyundai Santa Fe 2016,2016,Sedan/Compact,Petrol,5.1
Hyundai,Santa Fe,Hyundai Santa Fe 2017,2017,Sedan/Compact,Petrol,5.6
Hyundai,Santa Fe,Hyundai Santa Fe 2018,2018,Sedan/Compact,Petrol,8.5
Hyundai,Santa Fe,Hyundai Santa Fe 2019,2019,Sedan/Compact,Diesel,6.5
Hyundai,Santa Fe,Hyundai Santa Fe 2020,2020,Sedan/Compact,Diesel,7.6
Hyundai,Santa Fe,Hyundai Santa Fe 2021,2021,Sedan/Compact,Hybrid,8.5
Hyundai,Santa Fe,Hyundai Santa Fe 2022,2022,Sedan/Compact,Diesel,6.6
Hyundai,Santa Fe,Hyundai Santa Fe 2023,2023,Sedan/Compact,Petrol,5.4
Hyundai,Santa Fe,Hyundai Santa Fe 2024,2024,Sedan/Compact,Petrol,7
Hyundai,Accent,Hyundai Accent 2016,2016,Sedan/Compact,Petrol,5.7
Hyundai,Accent,Hyundai Accent 2017,2017,Sedan/Compact,Petrol,7.5
Hyundai,Accent,Hyundai Accent 2018,2018,Sedan/Compact,Petrol,8.6
Hyundai,Accent,Hyundai Accent 2019,2019,Sedan/Compact,Diesel,9.4
Hyundai,Accent,Hyundai Accent 2020,2020,Sedan/Compact,Petrol,5.6
Hyundai,Accent,Hyundai Accent 2021,2021,Sedan/Compact,Hybrid,7.3
Hyundai,Accent,Hyundai Accent 2022,2022,Sedan/Compact,Diesel,9.3
Hyundai,Accent,Hyundai Accent 2023,2023,Sedan/Compact,Diesel,8.4
Hyundai,Accent,Hyundai Accent 2024,2024,Sedan/Compact,Diesel,6.3
Hyundai,Kona,Hyundai Kona 2016,2016,Sedan/Compact,Diesel,8.6
Hyundai,Kona,Hyundai Kona 2017,2017,Sedan/Compact,Hybrid,8.9
Hyundai,Kona,Hyundai Kona 2018,2018,Sedan/Compact,Petrol,8
Hyundai,Kona,Hyundai Kona 2019,2019,Sedan/Compact,Hybrid,8.4
Hyundai,Kona,Hyundai Kona 2020,2020,Sedan/Compact,Petrol,8.2
Hyundai,Kona,Hyundai Kona 2021,2021,Sedan/Compact,Hybrid,5.1
Hyundai,Kona,Hyundai Kona 2022,2022,Sedan/Compact,Petrol,7.7
Hyundai,Kona,Hyundai Kona 2023,2023,Sedan/Compact,Hybrid,9.5
Hyundai,Kona,Hyundai Kona 2024,2024,Sedan/Compact,Diesel,6.3
Hyundai,Venue,Hyundai Venue 2016,2016,Sedan/Compact,Hybrid,5.1
Hyundai,Venue,Hyundai Venue 2017,2017,Sedan/Compact,Hybrid,8.5
Hyundai,Venue,Hyundai Venue 2018,2018,Sedan/Compact,Hybrid,5.3
Hyundai,Venue,Hyundai Venue 2019,2019,Sedan/Compact,Diesel,5.4
Hyundai,Venue,Hyundai Venue 2020,2020,Sedan/Compact,Diesel,6
Hyundai,Venue,Hyundai Venue 2021,2021,Sedan/Compact,Diesel,8.6
Hyundai,Venue,Hyundai Venue 2022,2022,Sedan/Compact,Petrol,7.3
Hyundai,Venue,Hyundai Venue 2023,2023,Sedan/Compact,Hybrid,7.6
Hyundai,Venue,Hyundai Venue 2024,2024,Sedan/Compact,Hybrid,8.9
Kia,Rio,Kia Rio 2016,2016,Small,Petrol,5.7
Kia,Rio,Kia Rio 2017,2017,Small,Petrol,4.2
Kia,Rio,Kia Rio 2018,2018,Small,Hybrid,5.8
Kia,Rio,Kia Rio 2019,2019,Small,Hybrid,4.7
Kia,Rio,Kia Rio 2020,2020,Small,Petrol,6.2
Kia,Rio,Kia Rio 2021,2021,Small,Petrol,4.8
Kia,Rio,Kia Rio 2022,2022,Small,Hybrid,5
Kia,Rio,Kia Rio 2023,2023,Small,Hybrid,5.8
Kia,Rio,Kia Rio 2024,2024,Small,Hybrid,5.8
Kia,Sportage,Kia Sportage 2016,2016,SUV,Diesel,12
Kia,Sportage,Kia Sportage 2017,2017,SUV,Petrol,7
Kia,Sportage,Kia Sportage 2018,2018,SUV,Petrol,9
Kia,Sportage,Kia Sportage 2019,2019,SUV,Hybrid,9.8
Kia,Sportage,Kia Sportage 2020,2020,SUV,Hybrid,9.6
Kia,Sportage,Kia Sportage 2021,2021,SUV,Diesel,8.5
Kia,Sportage,Kia Sportage 2022,2022,SUV,Hybrid,9.4
Kia,Sportage,Kia Sportage 2023,2023,SUV,Diesel,8.4
Kia,Sportage,Kia Sportage 2024,2024,SUV,Diesel,9.4
Kia,Sorento,Kia Sorento 2016,2016,Sedan/Compact,Petrol,6.5
Kia,Sorento,Kia Sorento 2017,2017,Sedan/Compact,Petrol,7.5
Kia,Sorento,Kia Sorento 2018,2018,Sedan/Compact,Petrol,9.5
Kia,Sorento,Kia Sorento 2019,2019,Sedan/Compact,Diesel,7.9
Kia,Sorento,Kia Sorento 2020,2020,Sedan/Compact,Petrol,5.6
Kia,Sorento,Kia Sorento 2021,2021,Sedan/Compact,Diesel,8
Kia,Sorento,Kia Sorento 2022,2022,Sedan/Compact,Hybrid,9.1
Kia,Sorento,Kia Sorento 2023,2023,Sedan/Compact,Hybrid,5.4
Kia,Sorento,Kia Sorento 2024,2024,Sedan/Compact,Diesel,5.4
Kia,Seltos,Kia Seltos 2016,2016,Sedan/Compact,Hybrid,6.7
Kia,Seltos,Kia Seltos 2017,2017,Sedan/Compact,Hybrid,5.5
Kia,Seltos,Kia Seltos 2018,2018,Sedan/Compact,Petrol,8.4
Kia,Seltos,Kia Seltos 2019,2019,Sedan/Compact,Hybrid,8
Kia,Seltos,Kia Seltos 2020,2020,Sedan/Compact,Petrol,7.5
Kia,Seltos,Kia Seltos 2021,2021,Sedan/Compact,Petrol,9
Kia,Seltos,Kia Seltos 2022,2022,Sedan/Compact,Petrol,6.4
Kia,Seltos,Kia Seltos 2023,2023,Sedan/Compact,Hybrid,6.1
Kia,Seltos,Kia Seltos 2024,2024,Sedan/Compact,Hybrid,8.2
Kia,Soul,Kia Soul 2016,2016,Sedan/Compact,Hybrid,8.3
Kia,Soul,Kia Soul 2017,2017,Sedan/Compact,Petrol,7.8
Kia,Soul,Kia Soul 2018,2018,Sedan/Compact,Diesel,7.9
Kia,Soul,Kia Soul 2019,2019,Sedan/Compact,Diesel,5.7
Kia,Soul,Kia Soul 2020,2020,Sedan/Compact,Diesel,8.8
Kia,Soul,Kia Soul 2021,2021,Sedan/Compact,Hybrid,8.2
Kia,Soul,Kia Soul 2022,2022,Sedan/Compact,Petrol,8.5
Kia,Soul,Kia Soul 2023,2023,Sedan/Compact,Diesel,6.5
Kia,Soul,Kia Soul 2024,2024,Sedan/Compact,Petrol,5.5
Kia,Cerato,Kia Cerato 2016,2016,Sedan/Compact,Diesel,5.9
Kia,Cerato,Kia Cerato 2017,2017,Sedan/Compact,Petrol,8.4
Kia,Cerato,Kia Cerato 2018,2018,Sedan/Compact,Hybrid,6.2
Kia,Cerato,Kia Cerato 2019,2019,Sedan/Compact,Diesel,5
Kia,Cerato,Kia Cerato 2020,2020,Sedan/Compact,Hybrid,9.2
Kia,Cerato,Kia Cerato 2021,2021,Sedan/Compact,Petrol,8.4
Kia,Cerato,Kia Cerato 2022,2022,Sedan/Compact,Petrol,7.3
Kia,Cerato,Kia Cerato 2023,2023,Sedan/Compact,Petrol,7.4
Kia,Cerato,Kia Cerato 2024,2024,Sedan/Compact,Diesel,9
Kia,Picanto,Kia Picanto 2016,2016,Small,Hybrid,6.1
Kia,Picanto,Kia Picanto 2017,2017,Small,Petrol,5.8
Kia,Picanto,Kia Picanto 2018,2018,Small,Hybrid,5.4
Kia,Picanto,Kia Picanto 2019,2019,Small,Hybrid,4.9
Kia,Picanto,Kia Picanto 2020,2020,Small,Petrol,5.3
Kia,Picanto,Kia Picanto 2021,2021,Small,Hybrid,5.5
Kia,Picanto,Kia Picanto 2022,2022,Small,Petrol,3.9
Kia,Picanto,Kia Picanto 2023,2023,Small,Petrol,4.9
Kia,Picanto,Kia Picanto 2024,2024,Small,Hybrid,4.7
Mercedes-Benz,A-Class,Mercedes-Benz A-Class 2016,2016,Sedan/Compact,Diesel,8.6
Mercedes-Benz,A-Class,Mercedes-Benz A-Class 2017,2017,Sedan/Compact,Diesel,8.6
Mercedes-Benz,A-Class,Mercedes-Benz A-Class 2018,2018,Sedan/Compact,Petrol,5
Mercedes-Benz,A-Class,Mercedes-Benz A-Class 2019,2019,Sedan/Compact,Diesel,5.2
Mercedes-Benz,A-Class,Mercedes-Benz A-Class 2020,2020,Sedan/Compact,Hybrid,9.5
Mercedes-Benz,A-Class,Mercedes-Benz A-Class 2021,2021,Sedan/Compact,Hybrid,5.8
Mercedes-Benz,A-Class,Mercedes-Benz A-Class 2022,2022,Sedan/Compact,Petrol,8.4
Mercedes-Benz,A-Class,Mercedes-Benz A-Class 2023,2023,Sedan/Compact,Hybrid,8.3
Mercedes-Benz,A-Class,Mercedes-Benz A-Class 2024,2024,Sedan/Compact,Hybrid,6.2
Mercedes-Benz,C-Class,Mercedes-Benz C-Class 2016,2016,Sedan/Compact,Petrol,9.5
Mercedes-Benz,C-Class,Mercedes-Benz C-Class 2017,2017,Sedan/Compact,Hybrid,6.7
Mercedes-Benz,C-Class,Mercedes-Benz C-Class 2018,2018,Sedan/Compact,Diesel,9
Mercedes-Benz,C-Class,Mercedes-Benz C-Class 2019,2019,Sedan/Compact,Diesel,8.8
Mercedes-Benz,C-Class,Mercedes-Benz C-Class 2020,2020,Sedan/Compact,Petrol,5.3
Mercedes-Benz,C-Class,Mercedes-Benz C-Class 2021,2021,Sedan/Compact,Hybrid,9.3
Mercedes-Benz,C-Class,Mercedes-Benz C-Class 2022,2022,Sedan/Compact,Petrol,8.4
Mercedes-Benz,C-Class,Mercedes-Benz C-Class 2023,2023,Sedan/Compact,Petrol,6
Mercedes-Benz,C-Class,Mercedes-Benz C-Class 2024,2024,Sedan/Compact,Hybrid,5
Mercedes-Benz,E-Class,Mercedes-Benz E-Class 2016,2016,Sedan/Compact,Petrol,8.4
Mercedes-Benz,E-Class,Mercedes-Benz E-Class 2017,2017,Sedan/Compact,Diesel,7.9
Mercedes-Benz,E-Class,Mercedes-Benz E-Class 2018,2018,Sedan/Compact,Petrol,7.9
Mercedes-Benz,E-Class,Mercedes-Benz E-Class 2019,2019,Sedan/Compact,Diesel,6.1
Mercedes-Benz,E-Class,Mercedes-Benz E-Class 2020,2020,Sedan/Compact,Petrol,6.6
Mercedes-Benz,E-Class,Mercedes-Benz E-Class 2021,2021,Sedan/Compact,Diesel,7.1
Mercedes-Benz,E-Class,Mercedes-Benz E-Class 2022,2022,Sedan/Compact,Hybrid,7.5
Mercedes-Benz,E-Class,Mercedes-Benz E-Class 2023,2023,Sedan/Compact,Petrol,8.7
Mercedes-Benz,E-Class,Mercedes-Benz E-Class 2024,2024,Sedan/Compact,Petrol,6.9
Mercedes-Benz,S-Class,Mercedes-Benz S-Class 2016,2016,Sedan/Compact,Diesel,9.1
Mercedes-Benz,S-Class,Mercedes-Benz S-Class 2017,2017,Sedan/Compact,Hybrid,8.6
Mercedes-Benz,S-Class,Mercedes-Benz S-Class 2018,2018,Sedan/Compact,Petrol,6.4
Mercedes-Benz,S-Class,Mercedes-Benz S-Class 2019,2019,Sedan/Compact,Diesel,6.8
Mercedes-Benz,S-Class,Mercedes-Benz S-Class 2020,2020,Sedan/Compact,Diesel,8.6
Mercedes-Benz,S-Class,Mercedes-Benz S-Class 2021,2021,Sedan/Compact,Hybrid,8.4
Mercedes-Benz,S-Class,Mercedes-Benz S-Class 2022,2022,Sedan/Compact,Diesel,9.1
Mercedes-Benz,S-Class,Mercedes-Benz S-Class 2023,2023,Sedan/Compact,Hybrid,7.5
Mercedes-Benz,S-Class,Mercedes-Benz S-Class 2024,2024,Sedan/Compact,Diesel,5.4
Mercedes-Benz,GLA,Mercedes-Benz GLA 2016,2016,Sedan/Compact,Diesel,8.8
Mercedes-Benz,GLA,Mercedes-Benz GLA 2017,2017,Sedan/Compact,Hybrid,8.6
Mercedes-Benz,GLA,Mercedes-Benz GLA 2018,2018,Sedan/Compact,Petrol,6.2
Mercedes-Benz,GLA,Mercedes-Benz GLA 2019,2019,Sedan/Compact,Hybrid,7.3
Mercedes-Benz,GLA,Mercedes-Benz GLA 2020,2020,Sedan/Compact,Diesel,8.1
Mercedes-Benz,GLA,Mercedes-Benz GLA 2021,2021,Sedan/Compact,Diesel,7.9
Mercedes-Benz,GLA,Mercedes-Benz GLA 2022,2022,Sedan/Compact,Diesel,9.2
Mercedes-Benz,GLA,Mercedes-Benz GLA 2023,2023,Sedan/Compact,Diesel,6.2
Mercedes-Benz,GLA,Mercedes-Benz GLA 2024,2024,Sedan/Compact,Hybrid,5.1
Mercedes-Benz,GLC,Mercedes-Benz GLC 2016,2016,Sedan/Compact,Diesel,7.4
Mercedes-Benz,GLC,Mercedes-Benz GLC 2017,2017,Sedan/Compact,Diesel,6.3
Mercedes-Benz,GLC,Mercedes-Benz GLC 2018,2018,Sedan/Compact,Petrol,9.3
Mercedes-Benz,GLC,Mercedes-Benz GLC 2019,2019,Sedan/Compact,Diesel,6.1
Mercedes-Benz,GLC,Mercedes-Benz GLC 2020,2020,Sedan/Compact,Diesel,8.4
Mercedes-Benz,GLC,Mercedes-Benz GLC 2021,2021,Sedan/Compact,Diesel,5.9
Mercedes-Benz,GLC,Mercedes-Benz GLC 2022,2022,Sedan/Compact,Diesel,7.6
Mercedes-Benz,GLC,Mercedes-Benz GLC 2023,2023,Sedan/Compact,Diesel,8.5
Mercedes-Benz,GLC,Mercedes-Benz GLC 2024,2024,Sedan/Compact,Hybrid,9.1
Mercedes-Benz,GLE,Mercedes-Benz GLE 2016,2016,Sedan/Compact,Hybrid,6.6
Mercedes-Benz,GLE,Mercedes-Benz GLE 2017,2017,Sedan/Compact,Hybrid,5.3
Mercedes-Benz,GLE,Mercedes-Benz GLE 2018,2018,Sedan/Compact,Hybrid,5.1
Mercedes-Benz,GLE,Mercedes-Benz GLE 2019,2019,Sedan/Compact,Diesel,8.1
Mercedes-Benz,GLE,Mercedes-Benz GLE 2020,2020,Sedan/Compact,Diesel,5.4
Mercedes-Benz,GLE,Mercedes-Benz GLE 2021,2021,Sedan/Compact,Hybrid,7.7
Mercedes-Benz,GLE,Mercedes-Benz GLE 2022,2022,Sedan/Compact,Hybrid,8.8
Mercedes-Benz,GLE,Mercedes-Benz GLE 2023,2023,Sedan/Compact,Petrol,7.4
Mercedes-Benz,GLE,Mercedes-Benz GLE 2024,2024,Sedan/Compact,Petrol,6.4
BMW,3 Series,BMW 3 Series 2016,2016,Sedan/Compact,Petrol,7.4
BMW,3 Series,BMW 3 Series 2017,2017,Sedan/Compact,Diesel,8.4
BMW,3 Series,BMW 3 Series 2018,2018,Sedan/Compact,Petrol,5.3
BMW,3 Series,BMW 3 Series 2019,2019,Sedan/Compact,Hybrid,9.1
BMW,3 Series,BMW 3 Series 2020,2020,Sedan/Compact,Petrol,5.6
BMW,3 Series,BMW 3 Series 2021,2021,Sedan/Compact,Hybrid,9.4
BMW,3 Series,BMW 3 Series 2022,2022,Sedan/Compact,Petrol,8.3
BMW,3 Series,BMW 3 Series 2023,2023,Sedan/Compact,Hybrid,6.5
BMW,3 Series,BMW 3 Series 2024,2024,Sedan/Compact,Diesel,7.7
BMW,5 Series,BMW 5 Series 2016,2016,Sedan/Compact,Petrol,8.7
BMW,5 Series,BMW 5 Series 2017,2017,Sedan/Compact,Diesel,5.4
BMW,5 Series,BMW 5 Series 2018,2018,Sedan/Compact,Diesel,6.7
BMW,5 Series,BMW 5 Series 2019,2019,Sedan/Compact,Diesel,6.4
BMW,5 Series,BMW 5 Series 2020,2020,Sedan/Compact,Diesel,6.9
BMW,5 Series,BMW 5 Series 2021,2021,Sedan/Compact,Petrol,7.1
BMW,5 Series,BMW 5 Series 2022,2022,Sedan/Compact,Petrol,9.3
BMW,5 Series,BMW 5 Series 2023,2023,Sedan/Compact,Hybrid,8
BMW,5 Series,BMW 5 Series 2024,2024,Sedan/Compact,Diesel,6.7
BMW,X1,BMW X1 2016,2016,Sedan/Compact,Diesel,6.8
BMW,X1,BMW X1 2017,2017,Sedan/Compact,Petrol,9
BMW,X1,BMW X1 2018,2018,Sedan/Compact,Hybrid,8.1
BMW,X1,BMW X1 2019,2019,Sedan/Compact,Diesel,6.3
BMW,X1,BMW X1 2020,2020,Sedan/Compact,Diesel,5
BMW,X1,BMW X1 2021,2021,Sedan/Compact,Diesel,8.5
BMW,X1,BMW X1 2022,2022,Sedan/Compact,Petrol,5.7
BMW,X1,BMW X1 2023,2023,Sedan/Compact,Diesel,8.6
BMW,X1,BMW X1 2024,2024,Sedan/Compact,Diesel,7.4
BMW,X3,BMW X3 2016,2016,Sedan/Compact,Petrol,8.8
BMW,X3,BMW X3 2017,2017,Sedan/Compact,Diesel,6
BMW,X3,BMW X3 2018,2018,Sedan/Compact,Diesel,9.4
BMW,X3,BMW X3 2019,2019,Sedan/Compact,Hybrid,7.4
BMW,X3,BMW X3 2020,2020,Sedan/Compact,Hybrid,6.3
BMW,X3,BMW X3 2021,2021,Sedan/Compact,Petrol,6.8
BMW,X3,BMW X3 2022,2022,Sedan/Compact,Diesel,9.2
BMW,X3,BMW X3 2023,2023,Sedan/Compact,Hybrid,8.8
BMW,X3,BMW X3 2024,2024,Sedan/Compact,Hybrid,8.5
BMW,X5,BMW X5 2016,2016,Sedan/Compact,Petrol,8.6
BMW,X5,BMW X5 2017,2017,Sedan/Compact,Diesel,9.4
BMW,X5,BMW X5 2018,2018,Sedan/Compact,Petrol,9.4
BMW,X5,BMW X5 2019,2019,Sedan/Compact,Petrol,6.2
BMW,X5,BMW X5 2020,2020,Sedan/Compact,Petrol,9.4
BMW,X5,BMW X5 2021,2021,Sedan/Compact,Petrol,5.2
BMW,X5,BMW X5 2022,2022,Sedan/Compact,Diesel,9
BMW,X5,BMW X5 2023,2023,Sedan/Compact,Diesel,9.2
BMW,X5,BMW X5 2024,2024,Sedan/Compact,Hybrid,8.2
BMW,i3,BMW i3 2016,2016,Electric/Hybrid,Electric,0
BMW,i3,BMW i3 2017,2017,Electric/Hybrid,Electric,0
BMW,i3,BMW i3 2018,2018,Electric/Hybrid,Electric,0
BMW,i3,BMW i3 2019,2019,Electric/Hybrid,Electric,0
BMW,i3,BMW i3 2020,2020,Electric/Hybrid,Electric,0
BMW,i3,BMW i3 2021,2021,Electric/Hybrid,Electric,0
BMW,i3,BMW i3 2022,2022,Electric/Hybrid,Electric,0
BMW,i3,BMW i3 2023,2023,Electric/Hybrid,Electric,0
BMW,i3,BMW i3 2024,2024,Electric/Hybrid,Electric,0
Audi,A3,Audi A3 2016,2016,Sedan/Compact,Petrol,7.9
Audi,A3,Audi A3 2017,2017,Sedan/Compact,Diesel,9.2
Audi,A3,Audi A3 2018,2018,Sedan/Compact,Petrol,6.6
Audi,A3,Audi A3 2019,2019,Sedan/Compact,Diesel,8.2
Audi,A3,Audi A3 2020,2020,Sedan/Compact,Petrol,7.5
Audi,A3,Audi A3 2021,2021,Sedan/Compact,Hybrid,6.5
Audi,A3,Audi A3 2022,2022,Sedan/Compact,Diesel,8.2
Audi,A3,Audi A3 2023,2023,Sedan/Compact,Hybrid,5.9
Audi,A3,Audi A3 2024,2024,Sedan/Compact,Diesel,7.3
Audi,A4,Audi A4 2016,2016,Sedan/Compact,Petrol,9.4
Audi,A4,Audi A4 2017,2017,Sedan/Compact,Petrol,9.4
Audi,A4,Audi A4 2018,2018,Sedan/Compact,Diesel,5.8
Audi,A4,Audi A4 2019,2019,Sedan/Compact,Hybrid,8.5
Audi,A4,Audi A4 2020,2020,Sedan/Compact,Diesel,6.1
Audi,A4,Audi A4 2021,2021,Sedan/Compact,Petrol,9
Audi,A4,Audi A4 2022,2022,Sedan/Compact,Petrol,7.2
Audi,A4,Audi A4 2023,2023,Sedan/Compact,Diesel,6
Audi,A4,Audi A4 2024,2024,Sedan/Compact,Hybrid,5.2
Audi,A6,Audi A6 2016,2016,Sedan/Compact,Petrol,8.7
Audi,A6,Audi A6 2017,2017,Sedan/Compact,Hybrid,6.5
Audi,A6,Audi A6 2018,2018,Sedan/Compact,Hybrid,8
Audi,A6,Audi A6 2019,2019,Sedan/Compact,Petrol,5.2
Audi,A6,Audi A6 2020,2020,Sedan/Compact,Hybrid,5.9
Audi,A6,Audi A6 2021,2021,Sedan/Compact,Hybrid,8.6
Audi,A6,Audi A6 2022,2022,Sedan/Compact,Diesel,7.6
Audi,A6,Audi A6 2023,2023,Sedan/Compact,Hybrid,7.3
Audi,A6,Audi A6 2024,2024,Sedan/Compact,Diesel,5.7
Audi,Q2,Audi Q2 2016,2016,Sedan/Compact,Hybrid,5.2
Audi,Q2,Audi Q2 2017,2017,Sedan/Compact,Petrol,7.7
Audi,Q2,Audi Q2 2018,2018,Sedan/Compact,Petrol,8.6
Audi,Q2,Audi Q2 2019,2019,Sedan/Compact,Hybrid,6.8
Audi,Q2,Audi Q2 2020,2020,Sedan/Compact,Diesel,8.2
Audi,Q2,Audi Q2 2021,2021,Sedan/Compact,Hybrid,5.6
Audi,Q2,Audi Q2 2022,2022,Sedan/Compact,Petrol,5.3
Audi,Q2,Audi Q2 2023,2023,Sedan/Compact,Petrol,8.6
Audi,Q2,Audi Q2 2024,2024,Sedan/Compact,Diesel,8.9
Audi,Q5,Audi Q5 2016,2016,Sedan/Compact,Diesel,8.6
Audi,Q5,Audi Q5 2017,2017,Sedan/Compact,Hybrid,9.3
Audi,Q5,Audi Q5 2018,2018,Sedan/Compact,Petrol,8.4
Audi,Q5,Audi Q5 2019,2019,Sedan/Compact,Hybrid,9.1
Audi,Q5,Audi Q5 2020,2020,Sedan/Compact,Hybrid,9.5
Audi,Q5,Audi Q5 2021,2021,Sedan/Compact,Hybrid,7.5
Audi,Q5,Audi Q5 2022,2022,Sedan/Compact,Diesel,5.1
Audi,Q5,Audi Q5 2023,2023,Sedan/Compact,Hybrid,9
Audi,Q5,Audi Q5 2024,2024,Sedan/Compact,Hybrid,6.4
Audi,Q7,Audi Q7 2016,2016,Sedan/Compact,Hybrid,5.8
Audi,Q7,Audi Q7 2017,2017,Sedan/Compact,Diesel,7.9
Audi,Q7,Audi Q7 2018,2018,Sedan/Compact,Diesel,8.9
Audi,Q7,Audi Q7 2019,2019,Sedan/Compact,Petrol,6.8
Audi,Q7,Audi Q7 2020,2020,Sedan/Compact,Hybrid,7
Audi,Q7,Audi Q7 2021,2021,Sedan/Compact,Hybrid,5.5
Audi,Q7,Audi Q7 2022,2022,Sedan/Compact,Hybrid,8.7
Audi,Q7,Audi Q7 2023,2023,Sedan/Compact,Diesel,7.4
Audi,Q7,Audi Q7 2024,2024,Sedan/Compact,Diesel,6
Audi,e-tron,Audi e-tron 2016,2016,Electric/Hybrid,Electric,0
Audi,e-tron,Audi e-tron 2017,2017,Electric/Hybrid,Electric,0
Audi,e-tron,Audi e-tron 2018,2018,Electric/Hybrid,Electric,0
Audi,e-tron,Audi e-tron 2019,2019,Electric/Hybrid,Electric,0
Audi,e-tron,Audi e-tron 2020,2020,Electric/Hybrid,Electric,0
Audi,e-tron,Audi e-tron 2021,2021,Electric/Hybrid,Electric,0
Audi,e-tron,Audi e-tron 2022,2022,Electric/Hybrid,Electric,0
Audi,e-tron,Audi e-tron 2023,2023,Electric/Hybrid,Electric,0
Audi,e-tron,Audi e-tron 2024,2024,Electric/Hybrid,Electric,0
Peugeot,208,Peugeot 208 2016,2016,Sedan/Compact,Hybrid,5.4
Peugeot,208,Peugeot 208 2017,2017,Sedan/Compact,Petrol,6.8
Peugeot,208,Peugeot 208 2018,2018,Sedan/Compact,Diesel,5.4
Peugeot,208,Peugeot 208 2019,2019,Sedan/Compact,Diesel,9.3
Peugeot,208,Peugeot 208 2020,2020,Sedan/Compact,Hybrid,7.1
Peugeot,208,Peugeot 208 2021,2021,Sedan/Compact,Diesel,9.3
Peugeot,208,Peugeot 208 2022,2022,Sedan/Compact,Petrol,6.6
Peugeot,208,Peugeot 208 2023,2023,Sedan/Compact,Hybrid,6.1
Peugeot,208,Peugeot 208 2024,2024,Sedan/Compact,Diesel,8.9
Peugeot,308,Peugeot 308 2016,2016,Sedan/Compact,Hybrid,5.2
Peugeot,308,Peugeot 308 2017,2017,Sedan/Compact,Hybrid,6
Peugeot,308,Peugeot 308 2018,2018,Sedan/Compact,Hybrid,8.1
Peugeot,308,Peugeot 308 2019,2019,Sedan/Compact,Diesel,5.6
Peugeot,308,Peugeot 308 2020,2020,Sedan/Compact,Hybrid,5.3
Peugeot,308,Peugeot 308 2021,2021,Sedan/Compact,Hybrid,7.4
Peugeot,308,Peugeot 308 2022,2022,Sedan/Compact,Petrol,5.1
